{
  "mae": 4.45,
  "r2": 0.9953,
  "mape": 3.16,
  "accuracy_pct": 96.84,
  "training_samples": 98112,
  "test_samples": 24528,
  "top_features": [
    [
      "pm25",
      0.5937280654907227
    ],
    [
      "pm10",
      0.2561352550983429
    ],
    [
      "is_winter",
      0.07276139408349991
    ],
    [
      "is_monsoon",
      0.032592397183179855
    ],
    [
      "city_base_aqi",
      0.013793901540338993
    ],
    [
      "is_rush_evening",
      0.012999755330383778
    ],
    [
      "is_rush_morning",
      0.0036525235045701265
    ],
    [
      "is_night",
      0.0027678883634507656
    ],
    [
      "month_cos",
      0.002107760403305292
    ],
    [
      "hour_sin",
      0.0015714849578216672
    ]
  ],
  "trained_at": "2026-07-19T13:08:02.422150"
}